step,loss_total,loss_semantic,loss_descent,loss_acyclic,loss_spectral,spectral_radius,num_queries
0,0.302640,0.000000,0.000000,0.010258,2.923822,0.359589,0
1,0.301345,0.000000,0.000000,0.010185,2.911593,0.359085,0
2,0.300051,0.000000,0.000000,0.010109,2.899416,0.358581,0
3,0.298762,0.000000,0.000000,0.010033,2.887295,0.358079,0
4,0.297483,0.000000,0.000000,0.009960,2.875225,0.357577,0
5,0.296205,0.000000,0.000000,0.009884,2.863207,0.357077,0
6,0.294939,0.000000,0.000000,0.009815,2.851243,0.356578,0
7,0.293680,0.000000,0.000000,0.009747,2.839330,0.356081,0
8,0.292417,0.000000,0.000000,0.009670,2.827468,0.355585,0
9,0.291168,0.000000,0.000000,0.009602,2.815660,0.355090,0
10,0.289927,0.000000,0.000000,0.009537,2.803901,0.354595,0
11,0.288676,0.000000,0.000000,0.009457,2.792194,0.354102,0
12,0.287445,0.000000,0.000000,0.009392,2.780537,0.353611,0
13,0.286216,0.000000,0.000000,0.009323,2.768931,0.353121,0
14,0.284992,0.000000,0.000000,0.009254,2.757376,0.352632,0
15,0.283777,0.000000,0.000000,0.009190,2.745871,0.352143,0
16,0.282566,0.000000,0.000000,0.009125,2.734415,0.351656,0
17,0.281365,0.000000,0.000000,0.009064,2.723010,0.351171,0
18,0.280157,0.000000,0.000000,0.008991,2.711653,0.350686,0
19,0.278965,0.000000,0.000000,0.008930,2.700346,0.350202,0
20,0.277774,0.000000,0.000000,0.008865,2.689088,0.349720,0
21,0.276592,0.000000,0.000000,0.008804,2.677878,0.349239,0
22,0.275411,0.000000,0.000000,0.008739,2.666717,0.348759,0
23,0.274235,0.000000,0.000000,0.008675,2.655604,0.348280,0
24,0.273071,0.000000,0.000000,0.008617,2.644539,0.347802,0
25,0.271905,0.000000,0.000000,0.008553,2.633522,0.347325,0
26,0.270747,0.000000,0.000000,0.008492,2.622553,0.346850,0
27,0.269597,0.000000,0.000000,0.008434,2.611630,0.346376,0
28,0.268449,0.000000,0.000000,0.008373,2.600755,0.345902,0
29,0.267305,0.000000,0.000000,0.008312,2.589927,0.345430,0
30,0.266166,0.000000,0.000000,0.008251,2.579146,0.344960,0
31,0.265035,0.000000,0.000000,0.008194,2.568411,0.344489,0
32,0.263909,0.000000,0.000000,0.008137,2.557722,0.344020,0
33,0.262787,0.000000,0.000000,0.008080,2.547079,0.343553,0
34,0.261674,0.000000,0.000000,0.008026,2.536483,0.343086,0
35,0.260562,0.000000,0.000000,0.007969,2.525931,0.342620,0
36,0.259454,0.000000,0.000000,0.007912,2.515425,0.342156,0
37,0.258355,0.000000,0.000000,0.007858,2.504965,0.341693,0
38,0.257260,0.000000,0.000000,0.007805,2.494549,0.341230,0
39,0.256165,0.000000,0.000000,0.007748,2.484178,0.340770,0
40,0.255083,0.000000,0.000000,0.007698,2.473851,0.340309,0
41,0.253994,0.000000,0.000000,0.007637,2.463569,0.339850,0
42,0.252921,0.000000,0.000000,0.007587,2.453332,0.339391,0
43,0.251852,0.000000,0.000000,0.007538,2.443138,0.338935,0
44,0.250779,0.000000,0.000000,0.007481,2.432987,0.338478,0
45,0.249723,0.000000,0.000000,0.007435,2.422880,0.338024,0
46,0.248663,0.000000,0.000000,0.007381,2.412817,0.337570,0
47,0.247612,0.000000,0.000000,0.007332,2.402797,0.337117,0
48,0.246560,0.000000,0.000000,0.007278,2.392820,0.336666,0
49,0.245521,0.000000,0.000000,0.007233,2.382885,0.336215,0
50,0.244479,0.000000,0.000000,0.007179,2.372993,0.335765,0
51,0.243448,0.000000,0.000000,0.007133,2.363143,0.335317,0
52,0.242414,0.000000,0.000000,0.007080,2.353336,0.334869,0
53,0.241391,0.000000,0.000000,0.007034,2.343570,0.334422,0
54,0.240373,0.000000,0.000000,0.006989,2.333847,0.333977,0
55,0.239355,0.000000,0.000000,0.006939,2.324165,0.333533,0
56,0.238342,0.000000,0.000000,0.006889,2.314524,0.333089,0
57,0.237336,0.000000,0.000000,0.006844,2.304924,0.332646,0
58,0.236334,0.000000,0.000000,0.006798,2.295366,0.332205,0
59,0.235341,0.000000,0.000000,0.006756,2.285848,0.331765,0
60,0.234343,0.000000,0.000000,0.006706,2.276371,0.331326,0
61,0.233358,0.000000,0.000000,0.006664,2.266934,0.330887,0
62,0.232372,0.000000,0.000000,0.006618,2.257538,0.330449,0
63,0.231395,0.000000,0.000000,0.006577,2.248182,0.330013,0
64,0.230417,0.000000,0.000000,0.006531,2.238865,0.329578,0
65,0.229444,0.000000,0.000000,0.006485,2.229589,0.329143,0
66,0.228478,0.000000,0.000000,0.006443,2.220352,0.328710,0
67,0.227516,0.000000,0.000000,0.006401,2.211154,0.328278,0
68,0.226555,0.000000,0.000000,0.006355,2.201995,0.327846,0
69,0.225597,0.000000,0.000000,0.006310,2.192875,0.327416,0
70,0.224651,0.000000,0.000000,0.006271,2.183795,0.326986,0
71,0.223709,0.000000,0.000000,0.006233,2.174753,0.326558,0
72,0.222762,0.000000,0.000000,0.006187,2.165749,0.326130,0
73,0.221828,0.000000,0.000000,0.006149,2.156784,0.325704,0
74,0.220897,0.000000,0.000000,0.006111,2.147856,0.325278,0
75,0.219962,0.000000,0.000000,0.006065,2.138968,0.324853,0
76,0.219039,0.000000,0.000000,0.006027,2.130116,0.324429,0
77,0.218119,0.000000,0.000000,0.005989,2.121302,0.324007,0
78,0.217196,0.000000,0.000000,0.005943,2.112525,0.323585,0
79,0.216288,0.000000,0.000000,0.005909,2.103787,0.323164,0
80,0.215383,0.000000,0.000000,0.005875,2.095085,0.322745,0
81,0.214475,0.000000,0.000000,0.005833,2.086420,0.322325,0
82,0.213577,0.000000,0.000000,0.005798,2.077791,0.321907,0
83,0.212680,0.000000,0.000000,0.005760,2.069200,0.321491,0
84,0.211787,0.000000,0.000000,0.005722,2.060645,0.321075,0
85,0.210896,0.000000,0.000000,0.005684,2.052126,0.320659,0
86,0.210014,0.000000,0.000000,0.005650,2.043643,0.320244,0
87,0.209131,0.000000,0.000000,0.005611,2.035196,0.319832,0
88,0.208256,0.000000,0.000000,0.005577,2.026785,0.319420,0
89,0.207380,0.000000,0.000000,0.005539,2.018410,0.319008,0
90,0.206508,0.000000,0.000000,0.005501,2.010070,0.318598,0
91,0.205643,0.000000,0.000000,0.005466,2.001765,0.318188,0
92,0.204782,0.000000,0.000000,0.005432,1.993496,0.317779,0
93,0.203924,0.000000,0.000000,0.005398,1.985262,0.317371,0
94,0.203070,0.000000,0.000000,0.005363,1.977062,0.316964,0
95,0.202215,0.000000,0.000000,0.005325,1.968897,0.316559,0
96,0.201372,0.000000,0.000000,0.005295,1.960767,0.316154,0
97,0.200531,0.000000,0.000000,0.005264,1.952671,0.315749,0
98,0.199687,0.000000,0.000000,0.005226,1.944609,0.315346,0
99,0.198854,0.000000,0.000000,0.005196,1.936581,0.314944,0
100,0.198020,0.000000,0.000000,0.005161,1.928588,0.314543,0
101,0.197194,0.000000,0.000000,0.005131,1.920628,0.314141,0
102,0.196367,0.000000,0.000000,0.005096,1.912702,0.313743,0
103,0.195547,0.000000,0.000000,0.005066,1.904809,0.313343,0
104,0.194727,0.000000,0.000000,0.005032,1.896949,0.312946,0
105,0.193913,0.000000,0.000000,0.005001,1.889123,0.312549,0
106,0.193104,0.000000,0.000000,0.004971,1.881330,0.312152,0
107,0.192293,0.000000,0.000000,0.004936,1.873569,0.311758,0
108,0.191490,0.000000,0.000000,0.004906,1.865842,0.311363,0
109,0.190690,0.000000,0.000000,0.004875,1.858147,0.310969,0
110,0.189893,0.000000,0.000000,0.004845,1.850484,0.310577,0
111,0.189099,0.000000,0.000000,0.004814,1.842853,0.310185,0
112,0.188309,0.000000,0.000000,0.004784,1.835255,0.309795,0
113,0.187522,0.000000,0.000000,0.004753,1.827689,0.309405,0
114,0.186738,0.000000,0.000000,0.004723,1.820156,0.309016,0
115,0.185965,0.000000,0.000000,0.004700,1.812653,0.308627,0
116,0.185184,0.000000,0.000000,0.004665,1.805182,0.308239,0
117,0.184409,0.000000,0.000000,0.004635,1.797742,0.307853,0
118,0.183645,0.000000,0.000000,0.004612,1.790334,0.307467,0
119,0.182873,0.000000,0.000000,0.004578,1.782958,0.307083,0
120,0.182112,0.000000,0.000000,0.004551,1.775612,0.306699,0
121,0.181354,0.000000,0.000000,0.004524,1.768296,0.306316,0
122,0.180595,0.000000,0.000000,0.004494,1.761013,0.305934,0
123,0.179843,0.000000,0.000000,0.004467,1.753759,0.305552,0
124,0.179094,0.000000,0.000000,0.004440,1.746536,0.305171,0
125,0.178344,0.000000,0.000000,0.004410,1.739343,0.304792,0
126,0.177605,0.000000,0.000000,0.004387,1.732181,0.304413,0
127,0.176865,0.000000,0.000000,0.004360,1.725048,0.304035,0
128,0.176128,0.000000,0.000000,0.004333,1.717946,0.303657,0
129,0.175394,0.000000,0.000000,0.004307,1.710873,0.303281,0
130,0.174663,0.000000,0.000000,0.004280,1.703830,0.302905,0
131,0.173935,0.000000,0.000000,0.004253,1.696817,0.302530,0
132,0.173210,0.000000,0.000000,0.004227,1.689833,0.302157,0
133,0.172492,0.000000,0.000000,0.004204,1.682879,0.301784,0
134,0.171776,0.000000,0.000000,0.004181,1.675954,0.301411,0
135,0.171056,0.000000,0.000000,0.004150,1.669057,0.301040,0
136,0.170347,0.000000,0.000000,0.004128,1.662190,0.300669,0
137,0.169640,0.000000,0.000000,0.004105,1.655352,0.300299,0
138,0.168932,0.000000,0.000000,0.004078,1.648542,0.299930,0
139,0.168227,0.000000,0.000000,0.004051,1.641761,0.299562,0
140,0.167529,0.000000,0.000000,0.004028,1.635008,0.299195,0
141,0.166834,0.000000,0.000000,0.004005,1.628284,0.298828,0
142,0.166137,0.000000,0.000000,0.003979,1.621587,0.298462,0
143,0.165451,0.000000,0.000000,0.003960,1.614918,0.298098,0
144,0.164757,0.000000,0.000000,0.003929,1.608278,0.297733,0
145,0.164080,0.000000,0.000000,0.003914,1.601666,0.297370,0
146,0.163395,0.000000,0.000000,0.003887,1.595081,0.297007,0
147,0.162717,0.000000,0.000000,0.003864,1.588523,0.296645,0
148,0.162037,0.000000,0.000000,0.003838,1.581994,0.296284,0
149,0.161364,0.000000,0.000000,0.003815,1.575491,0.295924,0
150,0.160701,0.000000,0.000000,0.003799,1.569016,0.295564,0
151,0.160026,0.000000,0.000000,0.003769,1.562568,0.295206,0
152,0.159368,0.000000,0.000000,0.003754,1.556147,0.294848,0
153,0.158698,0.000000,0.000000,0.003723,1.549752,0.294491,0
154,0.158046,0.000000,0.000000,0.003708,1.543385,0.294134,0
155,0.157386,0.000000,0.000000,0.003681,1.537044,0.293779,0
156,0.156735,0.000000,0.000000,0.003662,1.530730,0.293424,0
157,0.156083,0.000000,0.000000,0.003639,1.524441,0.293070,0
158,0.155438,0.000000,0.000000,0.003620,1.518180,0.292717,0
159,0.154796,0.000000,0.000000,0.003601,1.511945,0.292365,0
160,0.154152,0.000000,0.000000,0.003578,1.505735,0.292013,0
161,0.153510,0.000000,0.000000,0.003555,1.499552,0.291661,0
162,0.152876,0.000000,0.000000,0.003536,1.493394,0.291312,0
163,0.152239,0.000000,0.000000,0.003513,1.487262,0.290962,0
164,0.151610,0.000000,0.000000,0.003494,1.481155,0.290614,0
165,0.150979,0.000000,0.000000,0.003471,1.475074,0.290266,0
166,0.150358,0.000000,0.000000,0.003456,1.469019,0.289918,0
167,0.149736,0.000000,0.000000,0.003437,1.462988,0.289571,0
168,0.149113,0.000000,0.000000,0.003414,1.456983,0.289226,0
169,0.148495,0.000000,0.000000,0.003395,1.451004,0.288882,0
170,0.147877,0.000000,0.000000,0.003372,1.445048,0.288537,0
171,0.147269,0.000000,0.000000,0.003357,1.439118,0.288194,0
172,0.146659,0.000000,0.000000,0.003338,1.433213,0.287851,0
173,0.146048,0.000000,0.000000,0.003315,1.427332,0.287509,0
174,0.145447,0.000000,0.000000,0.003300,1.421475,0.287168,0
175,0.144845,0.000000,0.000000,0.003281,1.415644,0.286828,0
176,0.144245,0.000000,0.000000,0.003262,1.409836,0.286488,0
177,0.143648,0.000000,0.000000,0.003242,1.404053,0.286149,0
178,0.143057,0.000000,0.000000,0.003227,1.398293,0.285811,0
179,0.142460,0.000000,0.000000,0.003204,1.392558,0.285473,0
180,0.141874,0.000000,0.000000,0.003189,1.386847,0.285137,0
181,0.141290,0.000000,0.000000,0.003174,1.381159,0.284800,0
182,0.140700,0.000000,0.000000,0.003151,1.375495,0.284465,0
183,0.140121,0.000000,0.000000,0.003136,1.369855,0.284130,0
184,0.139540,0.000000,0.000000,0.003117,1.364238,0.283797,0
185,0.138962,0.000000,0.000000,0.003098,1.358644,0.283464,0
186,0.138386,0.000000,0.000000,0.003078,1.353074,0.283131,0
187,0.137816,0.000000,0.000000,0.003063,1.347527,0.282800,0
188,0.137245,0.000000,0.000000,0.003044,1.342004,0.282469,0
189,0.136679,0.000000,0.000000,0.003029,1.336503,0.282138,0
190,0.136116,0.000000,0.000000,0.003014,1.331025,0.281809,0
191,0.135551,0.000000,0.000000,0.002995,1.325569,0.281480,0
192,0.134989,0.000000,0.000000,0.002975,1.320137,0.281152,0
193,0.134433,0.000000,0.000000,0.002960,1.314727,0.280824,0
194,0.133879,0.000000,0.000000,0.002945,1.309339,0.280497,0
195,0.133327,0.000000,0.000000,0.002930,1.303975,0.280172,0
196,0.132778,0.000000,0.000000,0.002914,1.298631,0.279846,0
197,0.132226,0.000000,0.000000,0.002895,1.293311,0.279521,0
198,0.131681,0.000000,0.000000,0.002880,1.288013,0.279198,0
199,0.131135,0.000000,0.000000,0.002861,1.282736,0.278875,0
200,0.130598,0.000000,0.000000,0.002850,1.277482,0.278551,0
201,0.130055,0.000000,0.000000,0.002831,1.272249,0.278230,0
202,0.129523,0.000000,0.000000,0.002819,1.267038,0.277909,0
203,0.128985,0.000000,0.000000,0.002800,1.261849,0.277588,0
204,0.128453,0.000000,0.000000,0.002785,1.256681,0.277269,0
205,0.127923,0.000000,0.000000,0.002769,1.251535,0.276949,0
206,0.127395,0.000000,0.000000,0.002754,1.246410,0.276631,0
207,0.126870,0.000000,0.000000,0.002739,1.241306,0.276313,0
208,0.126346,0.000000,0.000000,0.002724,1.236224,0.275996,0
209,0.125825,0.000000,0.000000,0.002708,1.231163,0.275680,0
210,0.125305,0.000000,0.000000,0.002693,1.226123,0.275364,0
211,0.124788,0.000000,0.000000,0.002678,1.221103,0.275049,0
212,0.124273,0.000000,0.000000,0.002663,1.216104,0.274734,0
213,0.123764,0.000000,0.000000,0.002651,1.211126,0.274421,0
214,0.123253,0.000000,0.000000,0.002636,1.206169,0.274108,0
215,0.122744,0.000000,0.000000,0.002621,1.201233,0.273795,0
216,0.122241,0.000000,0.000000,0.002609,1.196316,0.273484,0
217,0.121736,0.000000,0.000000,0.002594,1.191420,0.273173,0
218,0.121229,0.000000,0.000000,0.002575,1.186545,0.272863,0
219,0.120732,0.000000,0.000000,0.002563,1.181690,0.272553,0
220,0.120237,0.000000,0.000000,0.002552,1.176854,0.272244,0
221,0.119745,0.000000,0.000000,0.002541,1.172040,0.271936,0
222,0.119250,0.000000,0.000000,0.002525,1.167244,0.271628,0
223,0.118757,0.000000,0.000000,0.002510,1.162469,0.271321,0
224,0.118270,0.000000,0.000000,0.002499,1.157713,0.271015,0
225,0.117781,0.000000,0.000000,0.002483,1.152977,0.270709,0
226,0.117298,0.000000,0.000000,0.002472,1.148262,0.270404,0
227,0.116813,0.000000,0.000000,0.002457,1.143565,0.270099,0
228,0.116330,0.000000,0.000000,0.002441,1.138888,0.269796,0
229,0.115857,0.000000,0.000000,0.002434,1.134230,0.269492,0
230,0.115378,0.000000,0.000000,0.002419,1.129591,0.269190,0
231,0.114900,0.000000,0.000000,0.002403,1.124972,0.268889,0
232,0.114425,0.000000,0.000000,0.002388,1.120372,0.268587,0
233,0.113959,0.000000,0.000000,0.002380,1.115791,0.268286,0
234,0.113488,0.000000,0.000000,0.002365,1.111228,0.267987,0
235,0.113026,0.000000,0.000000,0.002357,1.106685,0.267687,0
236,0.112558,0.000000,0.000000,0.002342,1.102160,0.267389,0
237,0.112096,0.000000,0.000000,0.002331,1.097655,0.267091,0
238,0.111636,0.000000,0.000000,0.002319,1.093168,0.266794,0
239,0.111174,0.000000,0.000000,0.002304,1.088699,0.266497,0
240,0.110714,0.000000,0.000000,0.002289,1.084249,0.266201,0
241,0.110259,0.000000,0.000000,0.002277,1.079817,0.265905,0
242,0.109806,0.000000,0.000000,0.002266,1.075404,0.265611,0
243,0.109359,0.000000,0.000000,0.002258,1.071008,0.265316,0
244,0.108906,0.000000,0.000000,0.002243,1.066631,0.265023,0
245,0.108463,0.000000,0.000000,0.002235,1.062273,0.264730,0
246,0.108013,0.000000,0.000000,0.002220,1.057932,0.264438,0
247,0.107573,0.000000,0.000000,0.002213,1.053609,0.264145,0
248,0.107128,0.000000,0.000000,0.002197,1.049304,0.263855,0
249,0.106691,0.000000,0.000000,0.002190,1.045016,0.263564,0
250,0.106249,0.000000,0.000000,0.002174,1.040747,0.263274,0
251,0.105816,0.000000,0.000000,0.002167,1.036495,0.262985,0
252,0.105381,0.000000,0.000000,0.002155,1.032260,0.262697,0
253,0.104948,0.000000,0.000000,0.002144,1.028044,0.262408,0
254,0.104521,0.000000,0.000000,0.002136,1.023844,0.262121,0
255,0.104087,0.000000,0.000000,0.002121,1.019662,0.261835,0
256,0.103663,0.000000,0.000000,0.002113,1.015497,0.261548,0
257,0.103233,0.000000,0.000000,0.002098,1.011350,0.261262,0
258,0.102812,0.000000,0.000000,0.002090,1.007219,0.260978,0
259,0.102386,0.000000,0.000000,0.002075,1.003106,0.260693,0
260,0.101968,0.000000,0.000000,0.002068,0.999009,0.260410,0
261,0.101549,0.000000,0.000000,0.002056,0.994930,0.260127,0
262,0.101131,0.000000,0.000000,0.002045,0.990867,0.259844,0
263,0.100719,0.000000,0.000000,0.002037,0.986821,0.259562,0
264,0.100301,0.000000,0.000000,0.002022,0.982792,0.259281,0
265,0.099892,0.000000,0.000000,0.002014,0.978779,0.259000,0
266,0.099481,0.000000,0.000000,0.002003,0.974783,0.258720,0
267,0.099075,0.000000,0.000000,0.001995,0.970803,0.258440,0
268,0.098668,0.000000,0.000000,0.001984,0.966840,0.258161,0
269,0.098262,0.000000,0.000000,0.001972,0.962893,0.257882,0
270,0.097857,0.000000,0.000000,0.001961,0.958963,0.257605,0
271,0.097462,0.000000,0.000000,0.001957,0.955048,0.257327,0
272,0.097057,0.000000,0.000000,0.001942,0.951150,0.257051,0
273,0.096665,0.000000,0.000000,0.001938,0.947268,0.256775,0
274,0.096263,0.000000,0.000000,0.001923,0.943402,0.256499,0
275,0.095870,0.000000,0.000000,0.001915,0.939552,0.256225,0
276,0.095475,0.000000,0.000000,0.001904,0.935717,0.255950,0
277,0.095082,0.000000,0.000000,0.001892,0.931899,0.255677,0
278,0.094694,0.000000,0.000000,0.001884,0.928096,0.255404,0
279,0.094312,0.000000,0.000000,0.001881,0.924309,0.255131,0
280,0.093923,0.000000,0.000000,0.001869,0.920537,0.254858,0
281,0.093536,0.000000,0.000000,0.001858,0.916781,0.254588,0
282,0.093150,0.000000,0.000000,0.001846,0.913041,0.254317,0
283,0.092770,0.000000,0.000000,0.001839,0.909316,0.254047,0
284,0.092388,0.000000,0.000000,0.001827,0.905606,0.253777,0
285,0.092011,0.000000,0.000000,0.001820,0.901912,0.253508,0
286,0.091635,0.000000,0.000000,0.001812,0.898233,0.253239,0
287,0.091261,0.000000,0.000000,0.001804,0.894568,0.252971,0
288,0.090885,0.000000,0.000000,0.001793,0.890919,0.252704,0
289,0.090514,0.000000,0.000000,0.001785,0.887285,0.252437,0
290,0.090144,0.000000,0.000000,0.001778,0.883666,0.252171,0
291,0.089772,0.000000,0.000000,0.001766,0.880062,0.251904,0
292,0.089406,0.000000,0.000000,0.001759,0.876473,0.251639,0
293,0.089041,0.000000,0.000000,0.001751,0.872898,0.251375,0
294,0.088677,0.000000,0.000000,0.001743,0.869339,0.251111,0
295,0.088311,0.000000,0.000000,0.001732,0.865793,0.250847,0
296,0.087951,0.000000,0.000000,0.001724,0.862263,0.250584,0
297,0.087591,0.000000,0.000000,0.001717,0.858747,0.250322,0
298,0.087230,0.000000,0.000000,0.001705,0.855245,0.250060,0
299,0.086870,0.000000,0.000000,0.001694,0.851758,0.249799,0
300,0.086522,0.000000,0.000000,0.001694,0.848285,0.249538,0
301,0.086165,0.000000,0.000000,0.001682,0.844827,0.249278,0
302,0.085817,0.000000,0.000000,0.001678,0.841383,0.249019,0
303,0.085462,0.000000,0.000000,0.001667,0.837952,0.248759,0
304,0.085113,0.000000,0.000000,0.001659,0.834537,0.248500,0
305,0.084761,0.000000,0.000000,0.001648,0.831134,0.248242,0
306,0.084419,0.000000,0.000000,0.001644,0.827747,0.247984,0
307,0.084074,0.000000,0.000000,0.001637,0.824372,0.247728,0
308,0.083726,0.000000,0.000000,0.001625,0.821012,0.247472,0
309,0.083388,0.000000,0.000000,0.001621,0.817666,0.247216,0
310,0.083043,0.000000,0.000000,0.001610,0.814333,0.246960,0
311,0.082704,0.000000,0.000000,0.001602,0.811014,0.246706,0
312,0.082365,0.000000,0.000000,0.001595,0.807709,0.246451,0
313,0.082029,0.000000,0.000000,0.001587,0.804417,0.246198,0
314,0.081693,0.000000,0.000000,0.001579,0.801139,0.245945,0
315,0.081359,0.000000,0.000000,0.001572,0.797875,0.245692,0
316,0.081026,0.000000,0.000000,0.001564,0.794623,0.245439,0
317,0.080695,0.000000,0.000000,0.001556,0.791385,0.245188,0
318,0.080365,0.000000,0.000000,0.001549,0.788161,0.244937,0
319,0.080036,0.000000,0.000000,0.001541,0.784949,0.244687,0
320,0.079712,0.000000,0.000000,0.001537,0.781751,0.244437,0
321,0.079383,0.000000,0.000000,0.001526,0.778566,0.244187,0
322,0.079058,0.000000,0.000000,0.001518,0.775394,0.243938,0
323,0.078742,0.000000,0.000000,0.001518,0.772235,0.243689,0
324,0.078412,0.000000,0.000000,0.001503,0.769089,0.243442,0
325,0.078095,0.000000,0.000000,0.001499,0.765956,0.243194,0
326,0.077779,0.000000,0.000000,0.001495,0.762836,0.242948,0
327,0.077457,0.000000,0.000000,0.001484,0.759729,0.242701,0
328,0.077144,0.000000,0.000000,0.001480,0.756634,0.242456,0
329,0.076828,0.000000,0.000000,0.001472,0.753552,0.242209,0
330,0.076513,0.000000,0.000000,0.001465,0.750483,0.241965,0
331,0.076204,0.000000,0.000000,0.001461,0.747427,0.241721,0
332,0.075888,0.000000,0.000000,0.001450,0.744383,0.241477,0
333,0.075577,0.000000,0.000000,0.001442,0.741351,0.241234,0
334,0.075267,0.000000,0.000000,0.001434,0.738332,0.240991,0
335,0.074963,0.000000,0.000000,0.001431,0.735325,0.240749,0
336,0.074660,0.000000,0.000000,0.001427,0.732330,0.240507,0
337,0.074354,0.000000,0.000000,0.001419,0.729348,0.240266,0
338,0.074045,0.000000,0.000000,0.001408,0.726378,0.240025,0
339,0.073750,0.000000,0.000000,0.001408,0.723421,0.239785,0
340,0.073444,0.000000,0.000000,0.001396,0.720475,0.239545,0
341,0.073150,0.000000,0.000000,0.001396,0.717541,0.239306,0
342,0.072847,0.000000,0.000000,0.001385,0.714620,0.239067,0
343,0.072552,0.000000,0.000000,0.001381,0.711711,0.238828,0
344,0.072255,0.000000,0.000000,0.001373,0.708813,0.238591,0
345,0.071958,0.000000,0.000000,0.001366,0.705927,0.238354,0
346,0.071667,0.000000,0.000000,0.001362,0.703053,0.238117,0
347,0.071370,0.000000,0.000000,0.001350,0.700191,0.237881,0
348,0.071081,0.000000,0.000000,0.001347,0.697341,0.237645,0
349,0.070793,0.000000,0.000000,0.001343,0.694503,0.237410,0
350,0.070499,0.000000,0.000000,0.001331,0.691675,0.237175,0
351,0.070214,0.000000,0.000000,0.001328,0.688860,0.236941,0
352,0.069929,0.000000,0.000000,0.001324,0.686056,0.236707,0
353,0.069646,0.000000,0.000000,0.001320,0.683264,0.236474,0
354,0.069357,0.000000,0.000000,0.001308,0.680483,0.236241,0
355,0.069076,0.000000,0.000000,0.001305,0.677713,0.236009,0
356,0.068793,0.000000,0.000000,0.001297,0.674955,0.235777,0
357,0.068510,0.000000,0.000000,0.001289,0.672208,0.235545,0
358,0.068233,0.000000,0.000000,0.001286,0.669473,0.235314,0
359,0.067957,0.000000,0.000000,0.001282,0.666748,0.235084,0
360,0.067678,0.000000,0.000000,0.001274,0.664035,0.234854,0
361,0.067404,0.000000,0.000000,0.001270,0.661333,0.234624,0
362,0.067131,0.000000,0.000000,0.001266,0.658642,0.234396,0
363,0.066851,0.000000,0.000000,0.001255,0.655962,0.234167,0
364,0.066580,0.000000,0.000000,0.001251,0.653293,0.233939,0
365,0.066307,0.000000,0.000000,0.001244,0.650634,0.233711,0
366,0.066035,0.000000,0.000000,0.001236,0.647987,0.233485,0
367,0.065771,0.000000,0.000000,0.001236,0.645351,0.233258,0
368,0.065501,0.000000,0.000000,0.001228,0.642725,0.233032,0
369,0.065236,0.000000,0.000000,0.001225,0.640111,0.232806,0
370,0.064971,0.000000,0.000000,0.001221,0.637506,0.232581,0
371,0.064701,0.000000,0.000000,0.001209,0.634913,0.232356,0
372,0.064442,0.000000,0.000000,0.001209,0.632330,0.232132,0
373,0.064174,0.000000,0.000000,0.001198,0.629758,0.231908,0
374,0.063917,0.000000,0.000000,0.001198,0.627196,0.231685,0
375,0.063655,0.000000,0.000000,0.001190,0.624645,0.231462,0
376,0.063397,0.000000,0.000000,0.001186,0.622104,0.231240,0
377,0.063140,0.000000,0.000000,0.001183,0.619573,0.231018,0
378,0.062880,0.000000,0.000000,0.001175,0.617053,0.230797,0
379,0.062625,0.000000,0.000000,0.001171,0.614544,0.230576,0
380,0.062372,0.000000,0.000000,0.001167,0.612044,0.230355,0
381,0.062119,0.000000,0.000000,0.001163,0.609555,0.230135,0
382,0.061860,0.000000,0.000000,0.001152,0.607076,0.229915,0
383,0.061613,0.000000,0.000000,0.001152,0.604607,0.229696,0
384,0.061359,0.000000,0.000000,0.001144,0.602148,0.229478,0
385,0.061107,0.000000,0.000000,0.001137,0.599699,0.229259,0
386,0.060859,0.000000,0.000000,0.001133,0.597261,0.229041,0
387,0.060616,0.000000,0.000000,0.001133,0.594832,0.228824,0
388,0.060370,0.000000,0.000000,0.001129,0.592413,0.228607,0
389,0.060122,0.000000,0.000000,0.001122,0.590004,0.228391,0
390,0.059874,0.000000,0.000000,0.001114,0.587605,0.228175,0
391,0.059632,0.000000,0.000000,0.001110,0.585216,0.227959,0
392,0.059394,0.000000,0.000000,0.001110,0.582836,0.227744,0
393,0.059145,0.000000,0.000000,0.001099,0.580467,0.227530,0
394,0.058909,0.000000,0.000000,0.001099,0.578107,0.227315,0
395,0.058667,0.000000,0.000000,0.001091,0.575756,0.227102,0
396,0.058433,0.000000,0.000000,0.001091,0.573415,0.226888,0
397,0.058192,0.000000,0.000000,0.001083,0.571084,0.226675,0
398,0.057952,0.000000,0.000000,0.001076,0.568762,0.226463,0
399,0.057721,0.000000,0.000000,0.001076,0.566450,0.226251,0
400,0.057483,0.000000,0.000000,0.001068,0.564147,0.226040,0
401,0.057254,0.000000,0.000000,0.001068,0.561854,0.225828,0
402,0.057017,0.000000,0.000000,0.001060,0.559570,0.225618,0
403,0.056786,0.000000,0.000000,0.001057,0.557296,0.225408,0
404,0.056556,0.000000,0.000000,0.001053,0.555030,0.225198,0
405,0.056323,0.000000,0.000000,0.001045,0.552774,0.224988,0
406,0.056094,0.000000,0.000000,0.001041,0.550527,0.224779,0
407,0.055863,0.000000,0.000000,0.001034,0.548290,0.224571,0
408,0.055636,0.000000,0.000000,0.001030,0.546061,0.224363,0
409,0.055410,0.000000,0.000000,0.001026,0.543841,0.224156,0
410,0.055185,0.000000,0.000000,0.001022,0.541631,0.223948,0
411,0.054965,0.000000,0.000000,0.001022,0.539430,0.223741,0
412,0.054738,0.000000,0.000000,0.001015,0.537238,0.223535,0
413,0.054516,0.000000,0.000000,0.001011,0.535054,0.223329,0
414,0.054295,0.000000,0.000000,0.001007,0.532880,0.223124,0
415,0.054071,0.000000,0.000000,0.000999,0.530714,0.222919,0
416,0.053851,0.000000,0.000000,0.000996,0.528558,0.222714,0
417,0.053633,0.000000,0.000000,0.000992,0.526410,0.222510,0
418,0.053415,0.000000,0.000000,0.000988,0.524271,0.222306,0
419,0.053198,0.000000,0.000000,0.000984,0.522140,0.222104,0
420,0.052978,0.000000,0.000000,0.000977,0.520019,0.221900,0
421,0.052767,0.000000,0.000000,0.000977,0.517906,0.221697,0
422,0.052553,0.000000,0.000000,0.000973,0.515801,0.221495,0
423,0.052339,0.000000,0.000000,0.000969,0.513705,0.221294,0
424,0.052131,0.000000,0.000000,0.000969,0.511618,0.221092,0
425,0.051915,0.000000,0.000000,0.000961,0.509539,0.220892,0
426,0.051701,0.000000,0.000000,0.000954,0.507469,0.220691,0
427,0.051494,0.000000,0.000000,0.000954,0.505408,0.220491,0
428,0.051285,0.000000,0.000000,0.000950,0.503354,0.220292,0
429,0.051077,0.000000,0.000000,0.000946,0.501309,0.220092,0
430,0.050873,0.000000,0.000000,0.000946,0.499273,0.219893,0
431,0.050663,0.000000,0.000000,0.000938,0.497244,0.219695,0
432,0.050457,0.000000,0.000000,0.000935,0.495224,0.219497,0
433,0.050252,0.000000,0.000000,0.000931,0.493212,0.219300,0
434,0.050044,0.000000,0.000000,0.000923,0.491209,0.219103,0
435,0.049845,0.000000,0.000000,0.000923,0.489213,0.218906,0
436,0.049638,0.000000,0.000000,0.000916,0.487226,0.218710,0
437,0.049436,0.000000,0.000000,0.000912,0.485247,0.218514,0
438,0.049239,0.000000,0.000000,0.000912,0.483276,0.218318,0
439,0.049039,0.000000,0.000000,0.000908,0.481313,0.218124,0
440,0.048836,0.000000,0.000000,0.000900,0.479358,0.217929,0
441,0.048641,0.000000,0.000000,0.000900,0.477411,0.217734,0
442,0.048447,0.000000,0.000000,0.000900,0.475472,0.217541,0
443,0.048247,0.000000,0.000000,0.000893,0.473541,0.217347,0
444,0.048054,0.000000,0.000000,0.000893,0.471618,0.217154,0
445,0.047855,0.000000,0.000000,0.000885,0.469702,0.216961,0
446,0.047664,0.000000,0.000000,0.000885,0.467795,0.216769,0
447,0.047467,0.000000,0.000000,0.000877,0.465895,0.216577,0
448,0.047274,0.000000,0.000000,0.000874,0.464003,0.216386,0
449,0.047082,0.000000,0.000000,0.000870,0.462118,0.216194,0
450,0.046894,0.000000,0.000000,0.000870,0.460242,0.216004,0
451,0.046703,0.000000,0.000000,0.000866,0.458373,0.215813,0
452,0.046509,0.000000,0.000000,0.000858,0.456511,0.215623,0
453,0.046324,0.000000,0.000000,0.000858,0.454657,0.215434,0
454,0.046136,0.000000,0.000000,0.000854,0.452811,0.215245,0
455,0.045948,0.000000,0.000000,0.000851,0.450972,0.215056,0
456,0.045761,0.000000,0.000000,0.000847,0.449141,0.214868,0
457,0.045579,0.000000,0.000000,0.000847,0.447318,0.214680,0
458,0.045393,0.000000,0.000000,0.000843,0.445501,0.214492,0
459,0.045208,0.000000,0.000000,0.000839,0.443692,0.214305,0
460,0.045021,0.000000,0.000000,0.000832,0.441891,0.214118,0
461,0.044841,0.000000,0.000000,0.000832,0.440097,0.213932,0
462,0.044659,0.000000,0.000000,0.000828,0.438310,0.213746,0
463,0.044481,0.000000,0.000000,0.000828,0.436530,0.213560,0
464,0.044296,0.000000,0.000000,0.000820,0.434758,0.213375,0
465,0.044116,0.000000,0.000000,0.000816,0.432993,0.213190,0
466,0.043936,0.000000,0.000000,0.000813,0.431235,0.213005,0
467,0.043761,0.000000,0.000000,0.000813,0.429484,0.212822,0
468,0.043583,0.000000,0.000000,0.000809,0.427741,0.212638,0
469,0.043401,0.000000,0.000000,0.000801,0.426004,0.212454,0
470,0.043229,0.000000,0.000000,0.000801,0.424275,0.212271,0
471,0.043053,0.000000,0.000000,0.000797,0.422552,0.212089,0
472,0.042881,0.000000,0.000000,0.000797,0.420837,0.211907,0
473,0.042703,0.000000,0.000000,0.000790,0.419129,0.211725,0
474,0.042532,0.000000,0.000000,0.000790,0.417427,0.211543,0
475,0.042363,0.000000,0.000000,0.000790,0.415733,0.211362,0
476,0.042183,0.000000,0.000000,0.000778,0.414045,0.211182,0
477,0.042015,0.000000,0.000000,0.000778,0.412365,0.211001,0
478,0.041847,0.000000,0.000000,0.000778,0.410691,0.210821,0
479,0.041673,0.000000,0.000000,0.000771,0.409024,0.210642,0
480,0.041507,0.000000,0.000000,0.000771,0.407364,0.210463,0
481,0.041342,0.000000,0.000000,0.000771,0.405710,0.210283,0
482,0.041169,0.000000,0.000000,0.000763,0.404063,0.210105,0
483,0.041005,0.000000,0.000000,0.000763,0.402423,0.209926,0
484,0.040838,0.000000,0.000000,0.000759,0.400790,0.209749,0
485,0.040675,0.000000,0.000000,0.000759,0.399163,0.209572,0
486,0.040506,0.000000,0.000000,0.000751,0.397543,0.209395,0
487,0.040341,0.000000,0.000000,0.000748,0.395930,0.209218,0
488,0.040180,0.000000,0.000000,0.000748,0.394323,0.209041,0
489,0.040020,0.000000,0.000000,0.000748,0.392723,0.208866,0
490,0.039853,0.000000,0.000000,0.000740,0.391129,0.208690,0
491,0.039690,0.000000,0.000000,0.000736,0.389542,0.208515,0
492,0.039532,0.000000,0.000000,0.000736,0.387961,0.208340,0
493,0.039371,0.000000,0.000000,0.000732,0.386386,0.208166,0
494,0.039214,0.000000,0.000000,0.000732,0.384818,0.207991,0
495,0.039050,0.000000,0.000000,0.000725,0.383257,0.207818,0
496,0.038895,0.000000,0.000000,0.000725,0.381702,0.207644,0
497,0.038740,0.000000,0.000000,0.000725,0.380153,0.207471,0
498,0.038582,0.000000,0.000000,0.000721,0.378610,0.207298,0
499,0.038425,0.000000,0.000000,0.000717,0.377074,0.207126,0
500,0.038268,0.000000,0.000000,0.000713,0.375544,0.206954,0
501,0.038115,0.000000,0.000000,0.000713,0.374020,0.206783,0
502,0.037960,0.000000,0.000000,0.000710,0.372502,0.206611,0
503,0.037809,0.000000,0.000000,0.000710,0.370991,0.206440,0
504,0.037650,0.000000,0.000000,0.000702,0.369486,0.206269,0
505,0.037497,0.000000,0.000000,0.000698,0.367986,0.206099,0
506,0.037347,0.000000,0.000000,0.000698,0.366493,0.205929,0
507,0.037195,0.000000,0.000000,0.000694,0.365006,0.205760,0
508,0.037047,0.000000,0.000000,0.000694,0.363526,0.205591,0
509,0.036899,0.000000,0.000000,0.000694,0.362051,0.205422,0
510,0.036749,0.000000,0.000000,0.000690,0.360582,0.205253,0
511,0.036595,0.000000,0.000000,0.000683,0.359119,0.205086,0
512,0.036449,0.000000,0.000000,0.000683,0.357662,0.204918,0
513,0.036300,0.000000,0.000000,0.000679,0.356211,0.204750,0
514,0.036152,0.000000,0.000000,0.000675,0.354766,0.204583,0
515,0.036008,0.000000,0.000000,0.000675,0.353326,0.204416,0
516,0.035861,0.000000,0.000000,0.000671,0.351893,0.204250,0
517,0.035718,0.000000,0.000000,0.000671,0.350466,0.204084,0
518,0.035572,0.000000,0.000000,0.000668,0.349044,0.203918,0
519,0.035427,0.000000,0.000000,0.000664,0.347628,0.203753,0
520,0.035282,0.000000,0.000000,0.000660,0.346218,0.203588,0
521,0.035141,0.000000,0.000000,0.000660,0.344813,0.203422,0
522,0.035001,0.000000,0.000000,0.000660,0.343414,0.203258,0
523,0.034858,0.000000,0.000000,0.000656,0.342021,0.203095,0
524,0.034712,0.000000,0.000000,0.000648,0.340634,0.202931,0
525,0.034574,0.000000,0.000000,0.000648,0.339252,0.202767,0
526,0.034436,0.000000,0.000000,0.000648,0.337876,0.202604,0
527,0.034299,0.000000,0.000000,0.000648,0.336506,0.202441,0
528,0.034155,0.000000,0.000000,0.000641,0.335141,0.202279,0
529,0.034019,0.000000,0.000000,0.000641,0.333781,0.202117,0
530,0.033880,0.000000,0.000000,0.000637,0.332428,0.201956,0
531,0.033745,0.000000,0.000000,0.000637,0.331079,0.201794,0
532,0.033611,0.000000,0.000000,0.000637,0.329736,0.201633,0
533,0.033477,0.000000,0.000000,0.000637,0.328399,0.201473,0
534,0.033336,0.000000,0.000000,0.000629,0.327067,0.201312,0
535,0.033200,0.000000,0.000000,0.000626,0.325740,0.201152,0
536,0.033068,0.000000,0.000000,0.000626,0.324419,0.200992,0
537,0.032936,0.000000,0.000000,0.000626,0.323104,0.200833,0
538,0.032805,0.000000,0.000000,0.000626,0.321793,0.200674,0
539,0.032667,0.000000,0.000000,0.000618,0.320488,0.200515,0
540,0.032537,0.000000,0.000000,0.000618,0.319188,0.200357,0
541,0.032404,0.000000,0.000000,0.000614,0.317894,0.200199,0
542,0.032271,0.000000,0.000000,0.000610,0.316604,0.200041,0
543,0.032142,0.000000,0.000000,0.000610,0.315320,0.199884,0
544,0.032015,0.000000,0.000000,0.000610,0.314042,0.199726,0
545,0.031880,0.000000,0.000000,0.000603,0.312768,0.199569,0
546,0.031753,0.000000,0.000000,0.000603,0.311500,0.199413,0
547,0.031626,0.000000,0.000000,0.000603,0.310237,0.199257,0
548,0.031497,0.000000,0.000000,0.000599,0.308978,0.199101,0
549,0.031368,0.000000,0.000000,0.000595,0.307725,0.198946,0
550,0.031243,0.000000,0.000000,0.000595,0.306478,0.198791,0
551,0.031119,0.000000,0.000000,0.000595,0.305235,0.198636,0
552,0.030991,0.000000,0.000000,0.000591,0.303997,0.198481,0
553,0.030868,0.000000,0.000000,0.000591,0.302764,0.198327,0
554,0.030741,0.000000,0.000000,0.000587,0.301537,0.198173,0
555,0.030615,0.000000,0.000000,0.000584,0.300314,0.198019,0
556,0.030489,0.000000,0.000000,0.000580,0.299096,0.197866,0
557,0.030368,0.000000,0.000000,0.000580,0.297883,0.197713,0
558,0.030247,0.000000,0.000000,0.000580,0.296676,0.197561,0
559,0.030123,0.000000,0.000000,0.000576,0.295472,0.197408,0
560,0.030000,0.000000,0.000000,0.000572,0.294275,0.197256,0
561,0.029880,0.000000,0.000000,0.000572,0.293081,0.197104,0
562,0.029761,0.000000,0.000000,0.000572,0.291893,0.196953,0
563,0.029643,0.000000,0.000000,0.000572,0.290709,0.196802,0
564,0.029521,0.000000,0.000000,0.000568,0.289531,0.196651,0
565,0.029400,0.000000,0.000000,0.000565,0.288357,0.196500,0
566,0.029280,0.000000,0.000000,0.000561,0.287188,0.196351,0
567,0.029163,0.000000,0.000000,0.000561,0.286023,0.196200,0
568,0.029043,0.000000,0.000000,0.000557,0.284864,0.196051,0
569,0.028928,0.000000,0.000000,0.000557,0.283709,0.195902,0
570,0.028813,0.000000,0.000000,0.000557,0.282558,0.195753,0
571,0.028694,0.000000,0.000000,0.000553,0.281413,0.195604,0
572,0.028577,0.000000,0.000000,0.000549,0.280272,0.195456,0
573,0.028463,0.000000,0.000000,0.000549,0.279136,0.195308,0
574,0.028350,0.000000,0.000000,0.000549,0.278004,0.195160,0
575,0.028237,0.000000,0.000000,0.000549,0.276877,0.195013,0
576,0.028117,0.000000,0.000000,0.000542,0.275754,0.194865,0
577,0.028002,0.000000,0.000000,0.000538,0.274637,0.194719,0
578,0.027890,0.000000,0.000000,0.000538,0.273523,0.194572,0
579,0.027779,0.000000,0.000000,0.000538,0.272414,0.194426,0
580,0.027669,0.000000,0.000000,0.000538,0.271310,0.194280,0
581,0.027559,0.000000,0.000000,0.000538,0.270210,0.194134,0
582,0.027446,0.000000,0.000000,0.000534,0.269115,0.193989,0
583,0.027336,0.000000,0.000000,0.000534,0.268024,0.193844,0
584,0.027220,0.000000,0.000000,0.000526,0.266937,0.193699,0
585,0.027112,0.000000,0.000000,0.000526,0.265855,0.193555,0
586,0.027004,0.000000,0.000000,0.000526,0.264777,0.193411,0
587,0.026897,0.000000,0.000000,0.000526,0.263704,0.193267,0
588,0.026790,0.000000,0.000000,0.000526,0.262635,0.193123,0
589,0.026676,0.000000,0.000000,0.000519,0.261570,0.192980,0
590,0.026566,0.000000,0.000000,0.000515,0.260510,0.192837,0
591,0.026460,0.000000,0.000000,0.000515,0.259454,0.192695,0
592,0.026355,0.000000,0.000000,0.000515,0.258402,0.192552,0
593,0.026250,0.000000,0.000000,0.000515,0.257355,0.192410,0
594,0.026146,0.000000,0.000000,0.000515,0.256312,0.192268,0
595,0.026035,0.000000,0.000000,0.000507,0.255273,0.192127,0
596,0.025927,0.000000,0.000000,0.000504,0.254238,0.191985,0
597,0.025824,0.000000,0.000000,0.000504,0.253208,0.191845,0
598,0.025722,0.000000,0.000000,0.000504,0.252181,0.191704,0
599,0.025619,0.000000,0.000000,0.000504,0.251159,0.191564,0
600,0.025514,0.000000,0.000000,0.000500,0.250141,0.191424,0
601,0.025412,0.000000,0.000000,0.000500,0.249127,0.191284,0
602,0.025311,0.000000,0.000000,0.000500,0.248118,0.191144,0
603,0.025211,0.000000,0.000000,0.000500,0.247112,0.191005,0
604,0.025107,0.000000,0.000000,0.000496,0.246110,0.190866,0
605,0.025003,0.000000,0.000000,0.000492,0.245113,0.190728,0
606,0.024900,0.000000,0.000000,0.000488,0.244119,0.190589,0
607,0.024801,0.000000,0.000000,0.000488,0.243130,0.190451,0
608,0.024703,0.000000,0.000000,0.000488,0.242144,0.190314,0
609,0.024601,0.000000,0.000000,0.000484,0.241163,0.190176,0
610,0.024503,0.000000,0.000000,0.000484,0.240186,0.190039,0
611,0.024406,0.000000,0.000000,0.000484,0.239212,0.189902,0
612,0.024305,0.000000,0.000000,0.000481,0.238243,0.189765,0
613,0.024208,0.000000,0.000000,0.000481,0.237277,0.189629,0
614,0.024112,0.000000,0.000000,0.000481,0.236315,0.189492,0
615,0.024013,0.000000,0.000000,0.000477,0.235358,0.189357,0
616,0.023917,0.000000,0.000000,0.000477,0.234404,0.189222,0
617,0.023822,0.000000,0.000000,0.000477,0.233454,0.189086,0
618,0.023724,0.000000,0.000000,0.000473,0.232508,0.188951,0
619,0.023630,0.000000,0.000000,0.000473,0.231565,0.188816,0
620,0.023536,0.000000,0.000000,0.000473,0.230627,0.188682,0
621,0.023442,0.000000,0.000000,0.000473,0.229692,0.188547,0
622,0.023342,0.000000,0.000000,0.000465,0.228762,0.188414,0
623,0.023249,0.000000,0.000000,0.000465,0.227834,0.188280,0
624,0.023157,0.000000,0.000000,0.000465,0.226911,0.188147,0
625,0.023061,0.000000,0.000000,0.000462,0.225992,0.188013,0
626,0.022969,0.000000,0.000000,0.000462,0.225076,0.187881,0
627,0.022874,0.000000,0.000000,0.000458,0.224164,0.187748,0
628,0.022783,0.000000,0.000000,0.000458,0.223255,0.187616,0
629,0.022689,0.000000,0.000000,0.000454,0.222350,0.187484,0
630,0.022599,0.000000,0.000000,0.000454,0.221449,0.187353,0
631,0.022505,0.000000,0.000000,0.000450,0.220552,0.187221,0
632,0.022416,0.000000,0.000000,0.000450,0.219658,0.187089,0
633,0.022327,0.000000,0.000000,0.000450,0.218768,0.186959,0
634,0.022238,0.000000,0.000000,0.000450,0.217882,0.186828,0
635,0.022150,0.000000,0.000000,0.000450,0.216999,0.186698,0
636,0.022062,0.000000,0.000000,0.000450,0.216119,0.186568,0
637,0.021971,0.000000,0.000000,0.000446,0.215244,0.186437,0
638,0.021880,0.000000,0.000000,0.000443,0.214371,0.186308,0
639,0.021793,0.000000,0.000000,0.000443,0.213503,0.186179,0
640,0.021706,0.000000,0.000000,0.000443,0.212638,0.186050,0
641,0.021616,0.000000,0.000000,0.000439,0.211776,0.185921,0
642,0.021530,0.000000,0.000000,0.000439,0.210918,0.185793,0
643,0.021441,0.000000,0.000000,0.000435,0.210063,0.185665,0
644,0.021356,0.000000,0.000000,0.000435,0.209212,0.185536,0
645,0.021271,0.000000,0.000000,0.000435,0.208364,0.185409,0
646,0.021187,0.000000,0.000000,0.000435,0.207520,0.185281,0
647,0.021095,0.000000,0.000000,0.000427,0.206679,0.185154,0
648,0.021011,0.000000,0.000000,0.000427,0.205842,0.185027,0
649,0.020928,0.000000,0.000000,0.000427,0.205008,0.184900,0
650,0.020845,0.000000,0.000000,0.000427,0.204177,0.184774,0
651,0.020762,0.000000,0.000000,0.000427,0.203350,0.184648,0
652,0.020680,0.000000,0.000000,0.000427,0.202526,0.184522,0
653,0.020594,0.000000,0.000000,0.000423,0.201705,0.184396,0
654,0.020508,0.000000,0.000000,0.000420,0.200888,0.184271,0
655,0.020427,0.000000,0.000000,0.000420,0.200074,0.184145,0
656,0.020346,0.000000,0.000000,0.000420,0.199263,0.184020,0
657,0.020261,0.000000,0.000000,0.000416,0.198456,0.183896,0
658,0.020181,0.000000,0.000000,0.000416,0.197652,0.183772,0
659,0.020101,0.000000,0.000000,0.000416,0.196851,0.183647,0
660,0.020021,0.000000,0.000000,0.000416,0.196053,0.183523,0
661,0.019938,0.000000,0.000000,0.000412,0.195259,0.183400,0
662,0.019859,0.000000,0.000000,0.000412,0.194468,0.183276,0
663,0.019780,0.000000,0.000000,0.000412,0.193680,0.183153,0
664,0.019702,0.000000,0.000000,0.000412,0.192895,0.183031,0
665,0.019623,0.000000,0.000000,0.000412,0.192114,0.182908,0
666,0.019546,0.000000,0.000000,0.000412,0.191335,0.182785,0
667,0.019460,0.000000,0.000000,0.000404,0.190560,0.182663,0
668,0.019383,0.000000,0.000000,0.000404,0.189788,0.182541,0
669,0.019306,0.000000,0.000000,0.000404,0.189019,0.182420,0
670,0.019226,0.000000,0.000000,0.000401,0.188253,0.182298,0
671,0.019150,0.000000,0.000000,0.000401,0.187491,0.182177,0
672,0.019074,0.000000,0.000000,0.000401,0.186731,0.182056,0
673,0.018994,0.000000,0.000000,0.000397,0.185974,0.181936,0
674,0.018919,0.000000,0.000000,0.000397,0.185221,0.181815,0
675,0.018844,0.000000,0.000000,0.000397,0.184471,0.181695,0
676,0.018769,0.000000,0.000000,0.000397,0.183723,0.181575,0
677,0.018695,0.000000,0.000000,0.000397,0.182979,0.181456,0
678,0.018620,0.000000,0.000000,0.000397,0.182238,0.181336,0
679,0.018547,0.000000,0.000000,0.000397,0.181499,0.181217,0
680,0.018469,0.000000,0.000000,0.000393,0.180764,0.181098,0
681,0.018396,0.000000,0.000000,0.000393,0.180032,0.180979,0
682,0.018319,0.000000,0.000000,0.000389,0.179302,0.180861,0
683,0.018243,0.000000,0.000000,0.000385,0.178576,0.180742,0
684,0.018171,0.000000,0.000000,0.000385,0.177852,0.180624,0
685,0.018098,0.000000,0.000000,0.000385,0.177132,0.180507,0
686,0.018027,0.000000,0.000000,0.000385,0.176414,0.180389,0
687,0.017955,0.000000,0.000000,0.000385,0.175699,0.180272,0
688,0.017880,0.000000,0.000000,0.000381,0.174988,0.180155,0
689,0.017809,0.000000,0.000000,0.000381,0.174279,0.180038,0
690,0.017739,0.000000,0.000000,0.000381,0.173573,0.179922,0
691,0.017668,0.000000,0.000000,0.000381,0.172870,0.179806,0
692,0.017598,0.000000,0.000000,0.000381,0.172169,0.179690,0
693,0.017525,0.000000,0.000000,0.000378,0.171472,0.179573,0
694,0.017452,0.000000,0.000000,0.000374,0.170777,0.179458,0
695,0.017382,0.000000,0.000000,0.000374,0.170085,0.179343,0
696,0.017313,0.000000,0.000000,0.000374,0.169396,0.179228,0
697,0.017245,0.000000,0.000000,0.000374,0.168710,0.179113,0
698,0.017169,0.000000,0.000000,0.000366,0.168026,0.178998,0
699,0.017101,0.000000,0.000000,0.000366,0.167346,0.178884,0
700,0.017033,0.000000,0.000000,0.000366,0.166668,0.178769,0
701,0.016965,0.000000,0.000000,0.000366,0.165993,0.178656,0
702,0.016894,0.000000,0.000000,0.000362,0.165320,0.178542,0
703,0.016827,0.000000,0.000000,0.000362,0.164650,0.178428,0
704,0.016761,0.000000,0.000000,0.000362,0.163983,0.178315,0
705,0.016694,0.000000,0.000000,0.000362,0.163319,0.178202,0
706,0.016628,0.000000,0.000000,0.000362,0.162658,0.178089,0
707,0.016562,0.000000,0.000000,0.000362,0.161999,0.177977,0
708,0.016493,0.000000,0.000000,0.000359,0.161342,0.177864,0
709,0.016427,0.000000,0.000000,0.000359,0.160689,0.177752,0
710,0.016362,0.000000,0.000000,0.000359,0.160038,0.177640,0
711,0.016298,0.000000,0.000000,0.000359,0.159390,0.177529,0
712,0.016233,0.000000,0.000000,0.000359,0.158744,0.177417,0
713,0.016161,0.000000,0.000000,0.000351,0.158101,0.177306,0
714,0.016097,0.000000,0.000000,0.000351,0.157460,0.177195,0
715,0.016033,0.000000,0.000000,0.000351,0.156823,0.177085,0
716,0.015970,0.000000,0.000000,0.000351,0.156187,0.176974,0
717,0.015906,0.000000,0.000000,0.000351,0.155555,0.176863,0
718,0.015843,0.000000,0.000000,0.000351,0.154924,0.176754,0
719,0.015781,0.000000,0.000000,0.000351,0.154297,0.176644,0
720,0.015714,0.000000,0.000000,0.000347,0.153672,0.176534,0
721,0.015652,0.000000,0.000000,0.000347,0.153049,0.176424,0
722,0.015590,0.000000,0.000000,0.000347,0.152429,0.176316,0
723,0.015528,0.000000,0.000000,0.000347,0.151812,0.176207,0
724,0.015463,0.000000,0.000000,0.000343,0.151197,0.176098,0
725,0.015402,0.000000,0.000000,0.000343,0.150584,0.175989,0
726,0.015341,0.000000,0.000000,0.000343,0.149974,0.175881,0
727,0.015280,0.000000,0.000000,0.000343,0.149367,0.175773,0
728,0.015220,0.000000,0.000000,0.000343,0.148762,0.175665,0
729,0.015159,0.000000,0.000000,0.000343,0.148159,0.175557,0
730,0.015099,0.000000,0.000000,0.000343,0.147559,0.175450,0
731,0.015036,0.000000,0.000000,0.000340,0.146961,0.175343,0
732,0.014976,0.000000,0.000000,0.000340,0.146366,0.175236,0
733,0.014917,0.000000,0.000000,0.000340,0.145773,0.175129,0
734,0.014858,0.000000,0.000000,0.000340,0.145183,0.175023,0
735,0.014799,0.000000,0.000000,0.000340,0.144595,0.174916,0
736,0.014733,0.000000,0.000000,0.000332,0.144009,0.174810,0
737,0.014674,0.000000,0.000000,0.000332,0.143426,0.174704,0
738,0.014613,0.000000,0.000000,0.000328,0.142845,0.174599,0
739,0.014555,0.000000,0.000000,0.000328,0.142266,0.174493,0
740,0.014497,0.000000,0.000000,0.000328,0.141690,0.174388,0
741,0.014440,0.000000,0.000000,0.000328,0.141116,0.174283,0
742,0.014382,0.000000,0.000000,0.000328,0.140544,0.174178,0
743,0.014326,0.000000,0.000000,0.000328,0.139975,0.174074,0
744,0.014269,0.000000,0.000000,0.000328,0.139408,0.173969,0
745,0.014209,0.000000,0.000000,0.000324,0.138843,0.173865,0
746,0.014152,0.000000,0.000000,0.000324,0.138281,0.173761,0
747,0.014092,0.000000,0.000000,0.000320,0.137721,0.173657,0
748,0.014037,0.000000,0.000000,0.000320,0.137163,0.173553,0
749,0.013981,0.000000,0.000000,0.000320,0.136607,0.173450,0
750,0.013926,0.000000,0.000000,0.000320,0.136054,0.173347,0
751,0.013871,0.000000,0.000000,0.000320,0.135503,0.173244,0
752,0.013816,0.000000,0.000000,0.000320,0.134954,0.173141,0
753,0.013761,0.000000,0.000000,0.000320,0.134407,0.173039,0
754,0.013707,0.000000,0.000000,0.000320,0.133863,0.172937,0
755,0.013645,0.000000,0.000000,0.000313,0.133320,0.172834,0
756,0.013591,0.000000,0.000000,0.000313,0.132780,0.172733,0
757,0.013537,0.000000,0.000000,0.000313,0.132243,0.172631,0
758,0.013483,0.000000,0.000000,0.000313,0.131707,0.172530,0
759,0.013430,0.000000,0.000000,0.000313,0.131173,0.172428,0
760,0.013377,0.000000,0.000000,0.000313,0.130642,0.172327,0
761,0.013324,0.000000,0.000000,0.000313,0.130113,0.172226,0
762,0.013268,0.000000,0.000000,0.000309,0.129586,0.172126,0
763,0.013215,0.000000,0.000000,0.000309,0.129061,0.172025,0
764,0.013159,0.000000,0.000000,0.000305,0.128538,0.171925,0
765,0.013107,0.000000,0.000000,0.000305,0.128017,0.171825,0
766,0.013055,0.000000,0.000000,0.000305,0.127499,0.171725,0
767,0.013003,0.000000,0.000000,0.000305,0.126982,0.171626,0
768,0.012952,0.000000,0.000000,0.000305,0.126468,0.171526,0
769,0.012901,0.000000,0.000000,0.000305,0.125956,0.171427,0
770,0.012850,0.000000,0.000000,0.000305,0.125446,0.171328,0
771,0.012799,0.000000,0.000000,0.000305,0.124937,0.171229,0
772,0.012748,0.000000,0.000000,0.000305,0.124431,0.171130,0
773,0.012698,0.000000,0.000000,0.000305,0.123927,0.171032,0
774,0.012648,0.000000,0.000000,0.000305,0.123425,0.170934,0
775,0.012594,0.000000,0.000000,0.000301,0.122925,0.170836,0
776,0.012544,0.000000,0.000000,0.000301,0.122428,0.170738,0
777,0.012495,0.000000,0.000000,0.000301,0.121932,0.170640,0
778,0.012441,0.000000,0.000000,0.000298,0.121438,0.170543,0
779,0.012392,0.000000,0.000000,0.000298,0.120946,0.170445,0
780,0.012343,0.000000,0.000000,0.000298,0.120456,0.170348,0
781,0.012294,0.000000,0.000000,0.000298,0.119968,0.170252,0
782,0.012246,0.000000,0.000000,0.000298,0.119482,0.170155,0
783,0.012197,0.000000,0.000000,0.000298,0.118998,0.170059,0
784,0.012149,0.000000,0.000000,0.000298,0.118516,0.169962,0
785,0.012094,0.000000,0.000000,0.000290,0.118036,0.169866,0
786,0.012046,0.000000,0.000000,0.000290,0.117558,0.169771,0
787,0.011998,0.000000,0.000000,0.000290,0.117082,0.169675,0
788,0.011951,0.000000,0.000000,0.000290,0.116607,0.169579,0
789,0.011903,0.000000,0.000000,0.000290,0.116135,0.169484,0
790,0.011853,0.000000,0.000000,0.000286,0.115665,0.169389,0
791,0.011806,0.000000,0.000000,0.000286,0.115196,0.169294,0
792,0.011759,0.000000,0.000000,0.000286,0.114730,0.169200,0
793,0.011713,0.000000,0.000000,0.000286,0.114265,0.169105,0
794,0.011666,0.000000,0.000000,0.000286,0.113802,0.169011,0
795,0.011620,0.000000,0.000000,0.000286,0.113341,0.168916,0
796,0.011574,0.000000,0.000000,0.000286,0.112882,0.168823,0
797,0.011525,0.000000,0.000000,0.000282,0.112425,0.168729,0
798,0.011479,0.000000,0.000000,0.000282,0.111969,0.168635,0
799,0.011434,0.000000,0.000000,0.000282,0.111516,0.168542,0
800,0.011389,0.000000,0.000000,0.000282,0.111064,0.168449,0
801,0.011344,0.000000,0.000000,0.000282,0.110614,0.168356,0
802,0.011299,0.000000,0.000000,0.000282,0.110166,0.168263,0
803,0.011254,0.000000,0.000000,0.000282,0.109720,0.168170,0
804,0.011202,0.000000,0.000000,0.000275,0.109275,0.168078,0
805,0.011158,0.000000,0.000000,0.000275,0.108833,0.167986,0
806,0.011114,0.000000,0.000000,0.000275,0.108392,0.167894,0
807,0.011070,0.000000,0.000000,0.000275,0.107953,0.167802,0
808,0.011026,0.000000,0.000000,0.000275,0.107515,0.167710,0
809,0.010983,0.000000,0.000000,0.000275,0.107080,0.167619,0
810,0.010939,0.000000,0.000000,0.000275,0.106646,0.167528,0
811,0.010896,0.000000,0.000000,0.000275,0.106214,0.167437,0
812,0.010853,0.000000,0.000000,0.000275,0.105784,0.167345,0
813,0.010810,0.000000,0.000000,0.000275,0.105355,0.167255,0
814,0.010768,0.000000,0.000000,0.000275,0.104929,0.167164,0
815,0.010725,0.000000,0.000000,0.000275,0.104504,0.167074,0
816,0.010683,0.000000,0.000000,0.000275,0.104080,0.166984,0
817,0.010633,0.000000,0.000000,0.000267,0.103659,0.166894,0
818,0.010591,0.000000,0.000000,0.000267,0.103239,0.166804,0
819,0.010549,0.000000,0.000000,0.000267,0.102821,0.166714,0
820,0.010507,0.000000,0.000000,0.000267,0.102404,0.166625,0
821,0.010466,0.000000,0.000000,0.000267,0.101989,0.166535,0
822,0.010425,0.000000,0.000000,0.000267,0.101576,0.166446,0
823,0.010383,0.000000,0.000000,0.000267,0.101165,0.166358,0
824,0.010339,0.000000,0.000000,0.000263,0.100755,0.166269,0
825,0.010298,0.000000,0.000000,0.000263,0.100347,0.166180,0
826,0.010257,0.000000,0.000000,0.000263,0.099940,0.166092,0
827,0.010217,0.000000,0.000000,0.000263,0.099535,0.166004,0
828,0.010176,0.000000,0.000000,0.000263,0.099132,0.165916,0
829,0.010136,0.000000,0.000000,0.000263,0.098731,0.165828,0
830,0.010096,0.000000,0.000000,0.000263,0.098331,0.165740,0
831,0.010056,0.000000,0.000000,0.000263,0.097932,0.165653,0
832,0.010017,0.000000,0.000000,0.000263,0.097536,0.165565,0
833,0.009973,0.000000,0.000000,0.000259,0.097141,0.165478,0
834,0.009934,0.000000,0.000000,0.000259,0.096747,0.165391,0
835,0.009895,0.000000,0.000000,0.000259,0.096355,0.165305,0
836,0.009856,0.000000,0.000000,0.000259,0.095965,0.165218,0
837,0.009817,0.000000,0.000000,0.000259,0.095576,0.165131,0
838,0.009771,0.000000,0.000000,0.000252,0.095189,0.165045,0
839,0.009732,0.000000,0.000000,0.000252,0.094803,0.164959,0
840,0.009694,0.000000,0.000000,0.000252,0.094419,0.164873,0
841,0.009655,0.000000,0.000000,0.000252,0.094037,0.164787,0
842,0.009617,0.000000,0.000000,0.000252,0.093656,0.164702,0
843,0.009579,0.000000,0.000000,0.000252,0.093276,0.164617,0
844,0.009542,0.000000,0.000000,0.000252,0.092898,0.164532,0
845,0.009504,0.000000,0.000000,0.000252,0.092522,0.164447,0
846,0.009467,0.000000,0.000000,0.000252,0.092147,0.164361,0
847,0.009429,0.000000,0.000000,0.000252,0.091774,0.164277,0
848,0.009392,0.000000,0.000000,0.000252,0.091402,0.164192,0
849,0.009355,0.000000,0.000000,0.000252,0.091032,0.164108,0
850,0.009318,0.000000,0.000000,0.000252,0.090663,0.164024,0
851,0.009281,0.000000,0.000000,0.000252,0.090296,0.163940,0
852,0.009245,0.000000,0.000000,0.000252,0.089930,0.163856,0
853,0.009208,0.000000,0.000000,0.000252,0.089566,0.163772,0
854,0.009168,0.000000,0.000000,0.000248,0.089203,0.163689,0
855,0.009132,0.000000,0.000000,0.000248,0.088842,0.163605,0
856,0.009096,0.000000,0.000000,0.000248,0.088482,0.163522,0
857,0.009056,0.000000,0.000000,0.000244,0.088123,0.163439,0
858,0.009021,0.000000,0.000000,0.000244,0.087766,0.163357,0
859,0.008985,0.000000,0.000000,0.000244,0.087411,0.163274,0
860,0.008950,0.000000,0.000000,0.000244,0.087056,0.163191,0
861,0.008915,0.000000,0.000000,0.000244,0.086704,0.163109,0
862,0.008879,0.000000,0.000000,0.000244,0.086353,0.163027,0
863,0.008844,0.000000,0.000000,0.000244,0.086003,0.162945,0
864,0.008806,0.000000,0.000000,0.000240,0.085654,0.162863,0
865,0.008771,0.000000,0.000000,0.000240,0.085307,0.162782,0
866,0.008736,0.000000,0.000000,0.000240,0.084962,0.162700,0
867,0.008702,0.000000,0.000000,0.000240,0.084617,0.162619,0
868,0.008668,0.000000,0.000000,0.000240,0.084275,0.162537,0
869,0.008634,0.000000,0.000000,0.000240,0.083933,0.162456,0
870,0.008600,0.000000,0.000000,0.000240,0.083593,0.162376,0
871,0.008566,0.000000,0.000000,0.000240,0.083255,0.162295,0
872,0.008532,0.000000,0.000000,0.000240,0.082917,0.162215,0
873,0.008498,0.000000,0.000000,0.000240,0.082581,0.162134,0
874,0.008465,0.000000,0.000000,0.000240,0.082247,0.162054,0
875,0.008428,0.000000,0.000000,0.000237,0.081913,0.161974,0
876,0.008395,0.000000,0.000000,0.000237,0.081582,0.161894,0
877,0.008362,0.000000,0.000000,0.000237,0.081251,0.161815,0
878,0.008329,0.000000,0.000000,0.000237,0.080922,0.161735,0
879,0.008296,0.000000,0.000000,0.000237,0.080594,0.161655,0
880,0.008263,0.000000,0.000000,0.000237,0.080267,0.161576,0
881,0.008231,0.000000,0.000000,0.000237,0.079942,0.161497,0
882,0.008198,0.000000,0.000000,0.000237,0.079618,0.161418,0
883,0.008158,0.000000,0.000000,0.000229,0.079296,0.161340,0
884,0.008126,0.000000,0.000000,0.000229,0.078975,0.161261,0
885,0.008094,0.000000,0.000000,0.000229,0.078655,0.161182,0
886,0.008062,0.000000,0.000000,0.000229,0.078336,0.161105,0
887,0.008031,0.000000,0.000000,0.000229,0.078019,0.161027,0
888,0.007999,0.000000,0.000000,0.000229,0.077702,0.160949,0
889,0.007968,0.000000,0.000000,0.000229,0.077388,0.160870,0
890,0.007936,0.000000,0.000000,0.000229,0.077074,0.160793,0
891,0.007901,0.000000,0.000000,0.000225,0.076762,0.160715,0
892,0.007870,0.000000,0.000000,0.000225,0.076451,0.160638,0
893,0.007839,0.000000,0.000000,0.000225,0.076141,0.160561,0
894,0.007808,0.000000,0.000000,0.000225,0.075832,0.160484,0
895,0.007778,0.000000,0.000000,0.000225,0.075525,0.160407,0
896,0.007747,0.000000,0.000000,0.000225,0.075219,0.160330,0
897,0.007717,0.000000,0.000000,0.000225,0.074914,0.160254,0
898,0.007686,0.000000,0.000000,0.000225,0.074611,0.160178,0
899,0.007656,0.000000,0.000000,0.000225,0.074309,0.160101,0
900,0.007626,0.000000,0.000000,0.000225,0.074007,0.160025,0
901,0.007592,0.000000,0.000000,0.000221,0.073708,0.159949,0
902,0.007562,0.000000,0.000000,0.000221,0.073409,0.159873,0
903,0.007532,0.000000,0.000000,0.000221,0.073111,0.159798,0
904,0.007503,0.000000,0.000000,0.000221,0.072815,0.159723,0
905,0.007473,0.000000,0.000000,0.000221,0.072520,0.159647,0
906,0.007444,0.000000,0.000000,0.000221,0.072226,0.159572,0
907,0.007415,0.000000,0.000000,0.000221,0.071934,0.159497,0
908,0.007385,0.000000,0.000000,0.000221,0.071642,0.159422,0
909,0.007356,0.000000,0.000000,0.000221,0.071352,0.159348,0
910,0.007328,0.000000,0.000000,0.000221,0.071063,0.159273,0
911,0.007299,0.000000,0.000000,0.000221,0.070775,0.159199,0
912,0.007270,0.000000,0.000000,0.000221,0.070488,0.159124,0
913,0.007241,0.000000,0.000000,0.000221,0.070202,0.159050,0
914,0.007213,0.000000,0.000000,0.000221,0.069918,0.158976,0
915,0.007177,0.000000,0.000000,0.000214,0.069635,0.158903,0
916,0.007149,0.000000,0.000000,0.000214,0.069352,0.158829,0
917,0.007121,0.000000,0.000000,0.000214,0.069071,0.158755,0
918,0.007093,0.000000,0.000000,0.000214,0.068791,0.158682,0
919,0.007065,0.000000,0.000000,0.000214,0.068513,0.158609,0
920,0.007037,0.000000,0.000000,0.000214,0.068235,0.158536,0
921,0.007009,0.000000,0.000000,0.000214,0.067959,0.158463,0
922,0.006982,0.000000,0.000000,0.000214,0.067683,0.158390,0
923,0.006955,0.000000,0.000000,0.000214,0.067409,0.158318,0
924,0.006927,0.000000,0.000000,0.000214,0.067136,0.158245,0
925,0.006900,0.000000,0.000000,0.000214,0.066864,0.158173,0
926,0.006869,0.000000,0.000000,0.000210,0.066593,0.158101,0
927,0.006842,0.000000,0.000000,0.000210,0.066323,0.158028,0
928,0.006811,0.000000,0.000000,0.000206,0.066054,0.157957,0
929,0.006785,0.000000,0.000000,0.000206,0.065786,0.157885,0
930,0.006758,0.000000,0.000000,0.000206,0.065520,0.157813,0
931,0.006731,0.000000,0.000000,0.000206,0.065254,0.157742,0
932,0.006705,0.000000,0.000000,0.000206,0.064990,0.157671,0
933,0.006679,0.000000,0.000000,0.000206,0.064726,0.157599,0
934,0.006652,0.000000,0.000000,0.000206,0.064464,0.157528,0
935,0.006626,0.000000,0.000000,0.000206,0.064203,0.157458,0
936,0.006600,0.000000,0.000000,0.000206,0.063943,0.157387,0
937,0.006574,0.000000,0.000000,0.000206,0.063684,0.157316,0
938,0.006549,0.000000,0.000000,0.000206,0.063425,0.157246,0
939,0.006523,0.000000,0.000000,0.000206,0.063168,0.157176,0
940,0.006497,0.000000,0.000000,0.000206,0.062912,0.157105,0
941,0.006472,0.000000,0.000000,0.000206,0.062657,0.157035,0
942,0.006446,0.000000,0.000000,0.000206,0.062403,0.156966,0
943,0.006417,0.000000,0.000000,0.000202,0.062151,0.156896,0
944,0.006392,0.000000,0.000000,0.000202,0.061899,0.156826,0
945,0.006367,0.000000,0.000000,0.000202,0.061648,0.156757,0
946,0.006338,0.000000,0.000000,0.000198,0.061398,0.156687,0
947,0.006313,0.000000,0.000000,0.000198,0.061149,0.156618,0
948,0.006288,0.000000,0.000000,0.000198,0.060901,0.156549,0
949,0.006264,0.000000,0.000000,0.000198,0.060654,0.156481,0
950,0.006239,0.000000,0.000000,0.000198,0.060409,0.156411,0
951,0.006215,0.000000,0.000000,0.000198,0.060164,0.156343,0
952,0.006190,0.000000,0.000000,0.000198,0.059920,0.156275,0
953,0.006166,0.000000,0.000000,0.000198,0.059677,0.156206,0
954,0.006142,0.000000,0.000000,0.000198,0.059435,0.156138,0
955,0.006118,0.000000,0.000000,0.000198,0.059194,0.156070,0
956,0.006094,0.000000,0.000000,0.000198,0.058954,0.156002,0
957,0.006070,0.000000,0.000000,0.000198,0.058715,0.155934,0
958,0.006046,0.000000,0.000000,0.000198,0.058477,0.155867,0
959,0.006022,0.000000,0.000000,0.000198,0.058240,0.155799,0
960,0.005999,0.000000,0.000000,0.000198,0.058004,0.155732,0
961,0.005975,0.000000,0.000000,0.000198,0.057769,0.155664,0
962,0.005952,0.000000,0.000000,0.000198,0.057535,0.155597,0
963,0.005929,0.000000,0.000000,0.000198,0.057302,0.155530,0
964,0.005905,0.000000,0.000000,0.000198,0.057070,0.155464,0
965,0.005882,0.000000,0.000000,0.000198,0.056838,0.155397,0
966,0.005859,0.000000,0.000000,0.000198,0.056608,0.155331,0
967,0.005836,0.000000,0.000000,0.000198,0.056378,0.155264,0
968,0.005813,0.000000,0.000000,0.000198,0.056150,0.155197,0
969,0.005791,0.000000,0.000000,0.000198,0.055922,0.155132,0
970,0.005768,0.000000,0.000000,0.000198,0.055696,0.155066,0
971,0.005745,0.000000,0.000000,0.000198,0.055470,0.155000,0
972,0.005723,0.000000,0.000000,0.000198,0.055245,0.154934,0
973,0.005700,0.000000,0.000000,0.000198,0.055021,0.154868,0
974,0.005678,0.000000,0.000000,0.000198,0.054798,0.154803,0
975,0.005656,0.000000,0.000000,0.000198,0.054576,0.154738,0
976,0.005634,0.000000,0.000000,0.000198,0.054355,0.154672,0
977,0.005604,0.000000,0.000000,0.000191,0.054134,0.154607,0
978,0.005582,0.000000,0.000000,0.000191,0.053915,0.154542,0
979,0.005560,0.000000,0.000000,0.000191,0.053696,0.154477,0
980,0.005539,0.000000,0.000000,0.000191,0.053479,0.154413,0
981,0.005517,0.000000,0.000000,0.000191,0.053262,0.154348,0
982,0.005492,0.000000,0.000000,0.000187,0.053046,0.154283,0
983,0.005470,0.000000,0.000000,0.000187,0.052831,0.154219,0
984,0.005449,0.000000,0.000000,0.000187,0.052617,0.154155,0
985,0.005427,0.000000,0.000000,0.000187,0.052403,0.154091,0
986,0.005406,0.000000,0.000000,0.000187,0.052191,0.154027,0
987,0.005385,0.000000,0.000000,0.000187,0.051979,0.153963,0
988,0.005364,0.000000,0.000000,0.000187,0.051768,0.153900,0
989,0.005343,0.000000,0.000000,0.000187,0.051559,0.153836,0
990,0.005322,0.000000,0.000000,0.000187,0.051350,0.153773,0
991,0.005301,0.000000,0.000000,0.000187,0.051141,0.153709,0
992,0.005280,0.000000,0.000000,0.000187,0.050934,0.153646,0
993,0.005260,0.000000,0.000000,0.000187,0.050728,0.153584,0
994,0.005239,0.000000,0.000000,0.000187,0.050522,0.153521,0
995,0.005219,0.000000,0.000000,0.000187,0.050317,0.153458,0
996,0.005194,0.000000,0.000000,0.000183,0.050113,0.153395,0
997,0.005174,0.000000,0.000000,0.000183,0.049910,0.153332,0
998,0.005150,0.000000,0.000000,0.000179,0.049707,0.153270,0
999,0.005130,0.000000,0.000000,0.000179,0.049506,0.153208,0
1000,0.005110,0.000000,0.000000,0.000179,0.049305,0.153146,0
